stage,age,subject,course,content,unit_title,unit_type,card_title,card_type,block_title,block_type,text
SECUNDARIA,15-16 años,TECNOLOGIA,CUARTO,TECNOLOGÍA 4,Emprendimiento 360°,SA,Emprendimiento 360°,lesson,Inicio,text,"2 Emprendimiento 360°
https://plus.edebe.com/resources/video/vm_138373_tecno_4eso_s02_014.mp4
https://plus.edebe.com/pymedia/markdownfiles/134335/unidad2/img/14_1.png
¿Te atreves a pensar en grande? Seguro que alguna vez has pensado en alguna idea o en algún proyecto que te gustaría hacer; algo muy ambicioso, como inventar una vacuna, desarrollar un artefacto que facilite la vida a millones de personas o incluso, ¿por qué no?, teletransportarte gozando de ciertos superpoderes…
Dejando a un lado la fantasía, debes empoderarte, creer en ti mismo y sentir que no solo los grandes emprendedores pueden tener éxito.
Recuerda la frase de Albert Einstein: «Si lo puedes imaginar, lo puedes lograr».
- ¿Y si creáis un producto tecnológico y preparáis su presentación y difusión como si fuerais grandes emprendedores?"
SECUNDARIA,15-16 años,TECNOLOGIA,CUARTO,TECNOLOGÍA 4,Emprendimiento 360°,SA,¿Cómo emprender?,lesson,Contenido,text,"¿Cómo emprender?
https://plus.edebe.com/pymedia/markdownfiles/134335/unidad2/img/15_1.png"
SECUNDARIA,15-16 años,TECNOLOGIA,CUARTO,TECNOLOGÍA 4,Emprendimiento 360°,SA,¿Cómo emprender?,lesson,Actividades,exam,"Investigad y documentaos sobre grandes innovadores y emprendedores de éxito de los últimos tiempos.
a) Realizad una infografía con una herramienta digital donde aparezcan tres emprendedores y tres emprendedoras: su idea, su producto o servicio y sus claves del éxito.
b) ¿Os ha costado más encontrar a mujeres emprendedoras? Analizad cómo ha sido esta evolución históricamente y a qué ha podido deberse."
SECUNDARIA,15-16 años,TECNOLOGIA,CUARTO,TECNOLOGÍA 4,Emprendimiento 360°,SA,¿Cómo emprender?,lesson,Actividades,exam,"La fuerza del equipo. Puede que tengáis una muy buena idea, pero necesitarás un buen equipo para lograr el éxito.
https://plus.edebe.com/pymedia/markdownfiles/134335/unidad2/img/15_2.png
— Elaborad una tabla entre todos que saque a relucir las fortalezas y debilidades de cada uno.
https://plus.edebe.com/pymedia/markdownfiles/134335/unidad2/img/15_3.png
Puede ayudaros usar pósits con palabras clave. Analizad cómo se pueden mejorar o compensar esas debilidades."
SECUNDARIA,15-16 años,TECNOLOGIA,CUARTO,TECNOLOGÍA 4,Emprendimiento 360°,SA,¿Cuál va a ser nuestro producto?,lesson,Contenido,text,"¿Cuál va a ser nuestro producto?
https://plus.edebe.com/pymedia/markdownfiles/134335/unidad2/img/16_1.png"
SECUNDARIA,15-16 años,TECNOLOGIA,CUARTO,TECNOLOGÍA 4,Emprendimiento 360°,SA,¿Cuál va a ser nuestro producto?,lesson,Actividades,exam,"Realizad un brainstorming (tormenta de ideas) para, entre todos, detectar posibles necesidades que cubrir para fundamentar vuestro proyecto. Si no se os ocurre ninguna idea, podéis probar a idear un soporte multidispositivo de escritorio como los que se muestran en estas imágenes:
https://plus.edebe.com/pymedia/markdownfiles/134335/unidad2/img/16_2.png"
SECUNDARIA,15-16 años,TECNOLOGIA,CUARTO,TECNOLOGÍA 4,Emprendimiento 360°,SA,¿Cuál va a ser nuestro producto?,lesson,Actividades,exam,"¿Habéis oído hablar del visual thinking? Coged un trozo de papel continuo blanco o una pizarra Velleda, varios rotuladores de colores y realizad un visual thinking de la idea seleccionada en el brainstorming. Debéis plasmar aspectos como:
https://plus.edebe.com/pymedia/markdownfiles/134335/unidad2/img/16_3.png"
SECUNDARIA,15-16 años,TECNOLOGIA,CUARTO,TECNOLOGÍA 4,Emprendimiento 360°,SA,¿Cuál va a ser nuestro producto?,lesson,Actividades,exam,"Llegados a este punto hay que establecer las diferentes fases de las que se compone el proyecto. Esto os ayudará a organizarlo y a temporalizarlo, a repartir tareas y a dimensionar los recursos necesarios.
— Realizad un mapa conceptual que refleje la forma en la que os vais a organizar.
Ficha 18"
SECUNDARIA,15-16 años,TECNOLOGIA,CUARTO,TECNOLOGÍA 4,Emprendimiento 360°,SA,¿Qué recursos necesitamos?,lesson,Contenido,text,"¿Qué recursos necesitamos?
https://plus.edebe.com/pymedia/markdownfiles/134335/unidad2/img/17_1.png"
SECUNDARIA,15-16 años,TECNOLOGIA,CUARTO,TECNOLOGÍA 4,Emprendimiento 360°,SA,¿Qué recursos necesitamos?,lesson,Actividades,exam,"Preparad dos tablas como la que aparece a continuación, una con los recursos materiales que necesitaréis y otra con los recursos humanos que van a participar en vuestro proyecto.
https://plus.edebe.com/pymedia/markdownfiles/134335/unidad2/img/17_2.png"
SECUNDARIA,15-16 años,TECNOLOGIA,CUARTO,TECNOLOGÍA 4,Emprendimiento 360°,SA,¿Qué recursos necesitamos?,lesson,Actividades,exam,"Realizad un diagrama temporal de desarrollo del proyecto donde intervengan personas/fases. Lo podéis hacer con un diagrama de Gantt, que os permitirá controlar los siguientes aspectos:
• Gestión de proyectos.
• Planificación de la hoja de ruta.
• Coordinación de equipo.
• Conciencia de la dependencia de tareas.
• Estructura del proceso.
• Programación de la línea de tiempo.
• Consecución de objetivos y cumplimiento de plazos.
https://plus.edebe.com/pymedia/markdownfiles/134335/unidad2/img/17_3.png"
SECUNDARIA,15-16 años,TECNOLOGIA,CUARTO,TECNOLOGÍA 4,Emprendimiento 360°,SA,¿Damos forma a nuestra idea?,lesson,Contenido,text,"¿Damos forma a nuestra idea?
https://plus.edebe.com/pymedia/markdownfiles/134335/unidad2/img/18_4.png"
SECUNDARIA,15-16 años,TECNOLOGIA,CUARTO,TECNOLOGÍA 4,Emprendimiento 360°,SA,¿Damos forma a nuestra idea?,lesson,Actividades,exam,"Lo primero de todo es realizar un boceto. Poned especial atención en el diseño, pues suele ser un factor determinante para los posibles clientes.
https://plus.edebe.com/pymedia/markdownfiles/134335/unidad2/img/18_5.png"
SECUNDARIA,15-16 años,TECNOLOGIA,CUARTO,TECNOLOGÍA 4,Emprendimiento 360°,SA,¿Damos forma a nuestra idea?,lesson,Actividades,exam,"A partir del boceto, realizad un diseño 3D. Con ayuda de alguna aplicación informática, como TinkerCAD, FreeCAD u openCAD, haced los planos o vistas en 2D de vuestro proyecto y elevadlos posteriormente a 3D.
https://plus.edebe.com/pymedia/markdownfiles/134335/unidad2/img/18_2.png"
SECUNDARIA,15-16 años,TECNOLOGIA,CUARTO,TECNOLOGÍA 4,Emprendimiento 360°,SA,¿Damos forma a nuestra idea?,lesson,Actividades,exam,"Por último, vamos a construir el prototipo. Para ello podéis usar:
https://plus.edebe.com/pymedia/markdownfiles/134335/unidad2/img/18_3.png
Ficha 12"
SECUNDARIA,15-16 años,TECNOLOGIA,CUARTO,TECNOLOGÍA 4,Emprendimiento 360°,SA,¿Cómo presentamos nuestra idea?,lesson,Contenido,text,"¿Cómo presentamos nuestra idea?
https://plus.edebe.com/pymedia/markdownfiles/134335/unidad2/img/19_1.png"
SECUNDARIA,15-16 años,TECNOLOGIA,CUARTO,TECNOLOGÍA 4,Emprendimiento 360°,SA,¿Cómo presentamos nuestra idea?,lesson,Actividades,exam,"Preparación de la exposición oral. Es tanto o más importante saber comunicar una idea que la propia idea en sí:
https://plus.edebe.com/pymedia/markdownfiles/134335/unidad2/img/19_2.png
a) Buscad información y vídeos de cómo comunicar en público.
b) Elaborad un par de listas con buenas y malas prácticas al hacer una exposición oral.
c) Preparad una presentación digital que dé soporte a vuestra exposición. Pegad a continuación la dirección para compartir la presentación digital que han elaborado.
d) Realizad el guion de vuestra presentación."
SECUNDARIA,15-16 años,TECNOLOGIA,CUARTO,TECNOLOGÍA 4,Emprendimiento 360°,SA,¿Cómo presentamos nuestra idea?,lesson,Actividades,exam,"Es el momento de presentar a vuestra clase el proyecto y de escuchar la presentación del resto de grupos.
a) Tras las presentaciones de los diferentes proyectos, valoradlas aportando ideas y opiniones constructivas para mejorar los proyectos.
b) Decidid también cuál ha sido el proyecto más interesante y cuál el mejor presentado.
https://plus.edebe.com/pymedia/markdownfiles/134335/unidad2/img/19_3.png"
SECUNDARIA,15-16 años,TECNOLOGIA,CUARTO,TECNOLOGÍA 4,Emprendimiento 360°,SA,¿Cómo presentamos nuestra idea?,lesson,Actividades,exam,"Reflexionad en equipo sobre las valoraciones y críticas recibidas y anotad propuestas de mejora, rediseño o corrección de cualquier cosa del proceso que podáis mejorar.
Ficha 19     Ficha 20"
SECUNDARIA,15-16 años,TECNOLOGIA,CUARTO,TECNOLOGÍA 4,Emprendimiento 360°,SA,¿Cómo llegamos a todo el mundo?,lesson,Contenido,text,"¿Cómo llegamos a todo el mundo?
https://plus.edebe.com/pymedia/markdownfiles/134335/unidad2/img/20_1.png"
SECUNDARIA,15-16 años,TECNOLOGIA,CUARTO,TECNOLOGÍA 4,Emprendimiento 360°,SA,¿Cómo llegamos a todo el mundo?,lesson,Actividades,exam,"Al ofrecer vuestro producto al mundo entero debéis pensar en que quizás sea necesario adaptar o globalizar ese producto a todos los potenciales clientes. Haced un informe valorando:
https://plus.edebe.com/pymedia/markdownfiles/134335/unidad2/img/20_2.png"
SECUNDARIA,15-16 años,TECNOLOGIA,CUARTO,TECNOLOGÍA 4,Emprendimiento 360°,SA,¿Cómo llegamos a todo el mundo?,lesson,Actividades,exam,"Diseñad un blog o una página web que sea el escaparate de presentación de vuestro proyecto. Lo podéis hacer con múltiples plataformas, como Google Sites, Blogger o WordPress. Una vez más tenéis que cuidar el mensaje, el diseño, la accesibilidad, etc., para diferenciaros del resto.
– Pegad a continuación la dirección del blog o web que hayan diseñado.
https://plus.edebe.com/pymedia/markdownfiles/134335/unidad2/img/20_3.png"
SECUNDARIA,15-16 años,TECNOLOGIA,CUARTO,TECNOLOGÍA 4,Emprendimiento 360°,SA,¿Cómo llegamos a todo el mundo?,lesson,Actividades,exam,"Diseñad un plan de comunicación enfocado a las redes sociales más utilizadas y explotad sus ventajas.
Ficha 21     Ficha 22"
SECUNDARIA,15-16 años,TECNOLOGIA,CUARTO,TECNOLOGÍA 4,Emprendimiento 360°,SA,¿Cómo llegamos a todo el mundo?,lesson,Actividades,exam,"Por último, si quisierais fabricar vuestro producto en grandes cantidades, necesitaréis dinero. Buscad formas de financiación que puedan proporcionaros los recursos económicos que podríais necesitar para hacer realidad vuestro proyecto.
https://plus.edebe.com/pymedia/markdownfiles/134335/unidad2/img/20_4.png"
SECUNDARIA,15-16 años,TECNOLOGIA,CUARTO,TECNOLOGÍA 4,Emprendimiento 360°,SA,Emprende y aprende,lesson,Contenido,text,https://plus.edebe.com/pymedia/markdownfiles/134335/unidad2/img/21_1.png
SECUNDARIA,15-16 años,TECNOLOGIA,CUARTO,TECNOLOGÍA 4,Emprendimiento 360°,SA,Emprende y aprende,lesson,Actividades,exam,"Explicad vuestra experiencia.
https://plus.edebe.com/pymedia/markdownfiles/134335/unidad2/img/21_2.png
— Realizad un vídeo en equipo.
— Explicad en él todo el proceso: desde la generación de la idea hasta la fabricación y difusión de vuestro producto.
El vídeo os servirá para repasar vuestros aciertos y aprender de vuestros errores."
SECUNDARIA,15-16 años,TECNOLOGIA,CUARTO,TECNOLOGÍA 4,Emprendimiento 360°,SA,Emprende y aprende,lesson,Actividades,exam,"No todas las ideas o los proyectos van orientados a un producto del que obtener un beneficio comercial.
https://plus.edebe.com/pymedia/markdownfiles/134335/unidad2/img/21_3.png
a) Buscad información sobre proyectos e ideas sociales que lleven a cabo ONG que estén cambiando la vida de muchas personas.
b) Plantead una propuesta de ONG que aborde algún problema social en el barrio o en vuestro municipio."
SECUNDARIA,15-16 años,TECNOLOGIA,CUARTO,TECNOLOGÍA 4,Emprendimiento 360°,SA,Emprende y aprende,lesson,Actividades,exam,"Como vimos al principio, el número de emprendedores es mucho mayor que el de emprendedoras. Aunque en las últimas décadas se han dado importantes avances, todavía existen muchas dificultades, como leyes y normas sociales discriminatorias que dejan a las mujeres infrarrepresentadas a todos los niveles de liderazgo político y empresarial.
— Organizad un coloquio donde se analicen este problema y sus posibles soluciones.
https://plus.edebe.com/pymedia/markdownfiles/134335/unidad2/img/21_4.png"
SECUNDARIA,15-16 años,TECNOLOGIA,CUARTO,TECNOLOGÍA 4,Emprendimiento 360°,SA,REVISA-T,learning_diary,,,"—¿Cómo valoras el trabajo realizado? ¿Volverías a repetir la experiencia?
—¿Qué parte te ha parecido más difícil?
—¿Qué cosas cambiarías de todo el proceso? ¿Fabricarías algo diferente?
—¿Te ves preparado y capacitado para ser una persona emprendedora?"
SECUNDARIA,15-16 años,TECNOLOGIA,CUARTO,TECNOLOGÍA 4,Pequeños gestos que ayudan al planeta,SA,Pequeños gestos que ayudan al planeta,lesson,Inicio,text,"3 Pequeños gestos que ayudan al planeta
https://plus.edebe.com/resources/video/vm_138373_tecno_4eso_s03_022.mp4
https://plus.edebe.com/pymedia/markdownfiles/134335/unidad3/img/22_1.png
https://plus.edebe.com/pymedia/markdownfiles/134335/unidad3/img/22_2.png
Sabemos que el planeta Tierra tiene recursos limitados y que es tarea de todos ayudar a su sostenibilidad para intentar tener un futuro mejor. Pero ¿qué significa eso de que es tarea de todos? ¿Qué podemos hacer cada uno para ayudar a la Tierra?
Podemos empezar por pensar en soluciones que nos ayuden a reducir nuestro consumo energético a diario.
- ¿Y si diseñáis un sensor que indique cuándo encender y apagar los aparatos que gastan energía?"
SECUNDARIA,15-16 años,TECNOLOGIA,CUARTO,TECNOLOGÍA 4,Pequeños gestos que ayudan al planeta,SA,Un planeta en crisis,lesson,Contenido,text,"Un planeta en crisis
https://plus.edebe.com/pymedia/markdownfiles/134335/unidad3/img/23_1.png"
SECUNDARIA,15-16 años,TECNOLOGIA,CUARTO,TECNOLOGÍA 4,Pequeños gestos que ayudan al planeta,SA,Un planeta en crisis,lesson,Actividades,exam,"Seguro que has oído en más de una ocasión en las noticias o en algún otro programa de la tele el problema de la crisis energética.
https://plus.edebe.com/pymedia/markdownfiles/134335/unidad3/img/23_2.png
a) Investiga sobre la crisis energética: las causas, los agravantes y las repercusiones.
b) Organizad un coloquio en clase en torno a las siguientes cuestiones:
https://plus.edebe.com/pymedia/markdownfiles/134335/unidad3/img/23_3.png"
SECUNDARIA,15-16 años,TECNOLOGIA,CUARTO,TECNOLOGÍA 4,Pequeños gestos que ayudan al planeta,SA,Un planeta en crisis,lesson,Actividades,exam,"¿Cuánto cuesta la energía? Para ser conscientes de lo que cuesta la energía, vamos a hacer unos cálculos básicos.
- Primero, busca una factura de la electricidad de tu casa y el precio del megavatio por hora.
- A continuación, busca el consumo medio de una lámpara, un televisor y un horno.
- Finalmente, calcula cuánto cuesta tener 1 h encendido cada uno de estos elementos.
— Elabora una lista con cinco medidas rápidas para reducir el consumo energético en tu día a día.
https://plus.edebe.com/pymedia/markdownfiles/134335/unidad3/img/23_4.png
Ficha 23"
SECUNDARIA,15-16 años,TECNOLOGIA,CUARTO,TECNOLOGÍA 4,Pequeños gestos que ayudan al planeta,SA,¿Qué puedo hacer por mi planeta?,lesson,Contenido,text,"¿Qué puedo hacer por mi planeta?
https://plus.edebe.com/pymedia/markdownfiles/134335/unidad3/img/24_1.png"
SECUNDARIA,15-16 años,TECNOLOGIA,CUARTO,TECNOLOGÍA 4,Pequeños gestos que ayudan al planeta,SA,¿Qué puedo hacer por mi planeta?,lesson,Actividades,exam,"No debemos rendirnos; seguro que hay muchas cosas que podemos hacer entre todos.
— En grupos, realizad un brainstorming (tormenta de ideas) para buscar posibles acciones que os permitan combatir la crisis energética, tanto eléctrica como de calefacción.
https://plus.edebe.com/pymedia/markdownfiles/134335/unidad3/img/24_2.png"
SECUNDARIA,15-16 años,TECNOLOGIA,CUARTO,TECNOLOGÍA 4,Pequeños gestos que ayudan al planeta,SA,¿Qué puedo hacer por mi planeta?,lesson,Actividades,exam,"Está claro que una de las medidas que podemos seguir entre todos es intentar consumir menos electricidad y menos calefacción. No es solo una cuestión de ahorro económico, sino que resulta importante para nuestro planeta utilizar sus recursos con cabeza. La electrónica nos puede ayudar: podemos construir un dispositivo que llamaremos dispositivo de ahorro energético (DAE). Este dispositivo nos puede avisar cuando la luz o la calefacción sean innecesarias.
a) ¿Recuerdas qué componentes sirven para saber qué temperatura o qué luminosidad hay?
b) Identifica los componentes de las fotos. Busca y dibuja en tu cuaderno su símbolo eléctrico. ¿Serías capaz de explicar su funcionamiento?
https://plus.edebe.com/pymedia/markdownfiles/134335/unidad3/img/24_3.png
Ficha 24     Ficha 79"
SECUNDARIA,15-16 años,TECNOLOGIA,CUARTO,TECNOLOGÍA 4,Pequeños gestos que ayudan al planeta,SA,Ideando vuestro dispositivo,lesson,Contenido,text,"Ideando vuestro dispositivo
https://plus.edebe.com/pymedia/markdownfiles/134335/unidad3/img/25_1.png"
SECUNDARIA,15-16 años,TECNOLOGIA,CUARTO,TECNOLOGÍA 4,Pequeños gestos que ayudan al planeta,SA,Ideando vuestro dispositivo,lesson,Actividades,exam,"Necesitamos que el DAE sea capaz de captar la luminosidad y la temperatura de la habitación y de avisar cuando se deba apagar la luz o la calefacción.
— Realizad un primer boceto del esquema electrónico del DAE teniendo en cuenta lo siguiente:
https://plus.edebe.com/pymedia/markdownfiles/134335/unidad3/img/25_2.png"
SECUNDARIA,15-16 años,TECNOLOGIA,CUARTO,TECNOLOGÍA 4,Pequeños gestos que ayudan al planeta,SA,Ideando vuestro dispositivo,lesson,Actividades,exam,"A partir del boceto, haced una lista con todos los componentes que necesitaréis.
https://plus.edebe.com/pymedia/markdownfiles/134335/unidad3/img/25_3.png"
SECUNDARIA,15-16 años,TECNOLOGIA,CUARTO,TECNOLOGÍA 4,Pequeños gestos que ayudan al planeta,SA,¿Lo construimos?,lesson,Contenido,text,"¿Lo construimos?
https://plus.edebe.com/pymedia/markdownfiles/134335/unidad3/img/26_1.png"
SECUNDARIA,15-16 años,TECNOLOGIA,CUARTO,TECNOLOGÍA 4,Pequeños gestos que ayudan al planeta,SA,¿Lo construimos?,lesson,Actividades,exam,"Antes de fabricar vuestro DAE, comprobad que el circuito que habéis diseñado funciona:
a) Utilizad un programa de simulación de circuitos, como TinkerCAD, para diseñar vuestro circuito.
b) Comprobad el circuito; haced las pruebas que consideréis necesarias. Pegad a continuación la dirección para compartir vuestro diseño TinkerCAD.
c) Realizad un diario de pruebas, explicando las diferentes pruebas que hacéis.
https://plus.edebe.com/pymedia/markdownfiles/134335/unidad3/img/26_2.png"
SECUNDARIA,15-16 años,TECNOLOGIA,CUARTO,TECNOLOGÍA 4,Pequeños gestos que ayudan al planeta,SA,¿Lo construimos?,lesson,Actividades,exam,"Ha llegado el momento de montar el circuito. Busca los componentes que necesitas en el aula taller y ¡manos a la obra!
— Utilizando una placa protoboard, montad el circuito tal y como lo tenéis diseñado.
https://plus.edebe.com/pymedia/markdownfiles/134335/unidad3/img/26_3.png"
SECUNDARIA,15-16 años,TECNOLOGIA,CUARTO,TECNOLOGÍA 4,Pequeños gestos que ayudan al planeta,SA,¿Lo construimos?,lesson,Actividades,exam,"Para terminar, diseñad una carcasa: una caja en la que quepan todos los componentes y que deje visible las señales, los interruptores y los potenciómetros para su manipulación.
https://plus.edebe.com/pymedia/markdownfiles/134335/unidad3/img/26_4.png
Ficha 31"
SECUNDARIA,15-16 años,TECNOLOGIA,CUARTO,TECNOLOGÍA 4,Pequeños gestos que ayudan al planeta,SA,¿Y esto cómo funciona?,lesson,Contenido,text,"¿Y esto cómo funciona?
https://plus.edebe.com/pymedia/markdownfiles/134335/unidad3/img/27_1.png
https://plus.edebe.com/pymedia/markdownfiles/134335/unidad3/img/27_2.png"
SECUNDARIA,15-16 años,TECNOLOGIA,CUARTO,TECNOLOGÍA 4,Pequeños gestos que ayudan al planeta,SA,¿Y esto cómo funciona?,lesson,Actividades,exam,"Ahora vais a poner en funcionamiento vuestro DAE. Pero para que funcione correctamente, necesitáis calibrarlo, es decir, colocar los potenciómetros para que nos avise con la temperatura y la luz que deseamos.
https://plus.edebe.com/pymedia/markdownfiles/134335/unidad3/img/27_3.png
a) Calibrad la temperatura. Vais a necesitar un termómetro.
https://plus.edebe.com/pymedia/markdownfiles/134335/unidad3/img/27_4.png
https://plus.edebe.com/pymedia/markdownfiles/134335/unidad3/img/27_5.png
b) Calibrad la luminosidad. Necesitaréis un sensor de luminosidad (luxómetro). Si no contáis con uno en el aula-taller, no os preocupéis, actualmente hay aplicaciones para el móvil que ofrecen esta utilidad.
https://plus.edebe.com/pymedia/markdownfiles/134335/unidad3/img/27_6.png"
SECUNDARIA,15-16 años,TECNOLOGIA,CUARTO,TECNOLOGÍA 4,Pequeños gestos que ayudan al planeta,SA,¿Y cuánto ahorramos con nuestro DAE?,lesson,Contenido,text,"¿Y cuánto ahorramos con nuestro DAE?
https://plus.edebe.com/pymedia/markdownfiles/134335/unidad3/img/28_1.png"
SECUNDARIA,15-16 años,TECNOLOGIA,CUARTO,TECNOLOGÍA 4,Pequeños gestos que ayudan al planeta,SA,¿Y cuánto ahorramos con nuestro DAE?,lesson,Actividades,exam,"En la actividad 2 calculaste cuánto costaba la electricidad. Trata de descubrir ahora cuánto puedes llegar a ahorrar usando el DAE.
https://plus.edebe.com/pymedia/markdownfiles/134335/unidad3/img/28_2.png
a) Cuenta el número de luces del aula y averigua su potencia eléctrica.
b) Calcula cuánto tiempo tenéis encendidas las luces del aula a lo largo del día.
c) Haz una estimación de cuánto tiempo ahorráis de luz utilizando el DAE.
d) Con todos los datos anteriores, ya puedes calcular el ahorro en electricidad."
SECUNDARIA,15-16 años,TECNOLOGIA,CUARTO,TECNOLOGÍA 4,Pequeños gestos que ayudan al planeta,SA,¿Y cuánto ahorramos con nuestro DAE?,lesson,Actividades,exam,"¿Cuál creéis que será la energía del futuro? En los últimos años se han hecho grandes avances en energías renovables, en especial en la energía por fusión nuclear.
https://plus.edebe.com/pymedia/markdownfiles/134335/unidad3/img/28_3.png
— Investigad sobre la energía por fusión nuclear y preparad en grupo una presentación que incluya información sobre las últimas novedades.
https://plus.edebe.com/pymedia/markdownfiles/134335/unidad3/img/28_4.png
Ficha 68     Ficha 73"
SECUNDARIA,15-16 años,TECNOLOGIA,CUARTO,TECNOLOGÍA 4,Pequeños gestos que ayudan al planeta,SA,Domadores de energía,lesson,Contenido,text,https://plus.edebe.com/pymedia/markdownfiles/134335/unidad3/img/29_1.png
SECUNDARIA,15-16 años,TECNOLOGIA,CUARTO,TECNOLOGÍA 4,Pequeños gestos que ayudan al planeta,SA,Domadores de energía,lesson,Actividades,exam,"¿Qué os parece vuestro primer DAE? Seguro que se os ocurren muchas mejoras que se le podrían añadir, incluso sistemas para controlar otros gastos más allá de la luz y la calefacción.
— En grupos, elaborad una lista de posibles mejoras o ampliaciones de vuestro DAE."
SECUNDARIA,15-16 años,TECNOLOGIA,CUARTO,TECNOLOGÍA 4,Pequeños gestos que ayudan al planeta,SA,Domadores de energía,lesson,Actividades,exam,"Imaginad que una empresa quiere fabricar en masa un DAE. Preparad una presentación que explique qué es, cómo funciona y el ahorro que se puede conseguir usando el DAE para que esta empresa se decida por vuestro diseño.
https://plus.edebe.com/pymedia/markdownfiles/134335/unidad3/img/29_2.png"
SECUNDARIA,15-16 años,TECNOLOGIA,CUARTO,TECNOLOGÍA 4,Pequeños gestos que ayudan al planeta,SA,Domadores de energía,lesson,Actividades,exam,"Con vuestro DAE podéis lograr ahorrar energía y ayudar al planeta, pero hay muchas otras formas de hacer un uso responsable de la energía.
— En grupos, haced un decálogo de medidas para ahorrar energía y presentadlo en forma de póster. No olvidéis añadir algún eslogan para llamar la atención de todo el que lo lea.
https://plus.edebe.com/pymedia/markdownfiles/134335/unidad3/img/29_3.png"
SECUNDARIA,15-16 años,TECNOLOGIA,CUARTO,TECNOLOGÍA 4,Pequeños gestos que ayudan al planeta,SA,Domadores de energía,lesson,Actividades,exam,"Vivimos rodeados de dispositivos electrónicos. ¿Qué aprendizajes creéis que podréis aplicar en vuestro día a día?
— Elaborad una lista de situaciones cotidianas en las que podáis usar lo aprendido, explicando cómo lo haríais."
SECUNDARIA,15-16 años,TECNOLOGIA,CUARTO,TECNOLOGÍA 4,Pequeños gestos que ayudan al planeta,SA,REVISA-T,learning_diary,,,"—¿Qué parte te ha parecido más difícil?
—¿Con qué recursos contabas? ¿Tenías todos los componentes necesarios?
—¿Qué problemas te has encontrado? ¿Cómo los has solucionado?"
SECUNDARIA,15-16 años,TECNOLOGIA,CUARTO,TECNOLOGÍA 4,"¿1 + 1 = 0? Sí, y me llevo 1",SA,"¿1 + 1 = 0? Sí, y me llevo 1",lesson,Inicio,text,"4 ¿1 + 1 = 0? Sí, y me llevo 1
https://plus.edebe.com/pymedia/markdownfiles/134335/unidad4/img/30_1.png
Hace muchos años que el ser humano trabaja con números. Sirven para contar, numerar y un sinfín de tareas. Pero las máquinas y los humanos no los usan de igual manera, sobre todo las modernas máquinas de computación, que utilizan el sistema binario en el que 1 + 1 = 0. ¿Cómo puede ser esto?
Partiendo de los números binarios y a través del estudio de las puertas lógicas como herramienta para tomar decisiones, vamos a descifrar el enigma de las máquinas digitales.
- ¿Te atreves a construir una calculadora mecánica?"
SECUNDARIA,15-16 años,TECNOLOGIA,CUARTO,TECNOLOGÍA 4,"¿1 + 1 = 0? Sí, y me llevo 1",SA,¿Cómo se cuenta en binario?,lesson,Contenido,text,"¿Cómo se cuenta en binario?
https://plus.edebe.com/pymedia/markdownfiles/134335/unidad4/img/31_1.png"
SECUNDARIA,15-16 años,TECNOLOGIA,CUARTO,TECNOLOGÍA 4,"¿1 + 1 = 0? Sí, y me llevo 1",SA,¿Cómo se cuenta en binario?,lesson,Actividades,exam,"En binario con los valores que puede tomar un único bit se puede contar de 0 a 1, pero también se puede expresar la diferencia entre sí y no, verdadero y falso, apagado y encendido, etc.
a) ¿Qué tipo de preguntas se pueden responder con un único bit de información? Poned al menos cuatro ejemplos.
https://plus.edebe.com/pymedia/markdownfiles/134335/unidad4/img/31_2.png
b) ¿Qué cantidad se puede contar con dos bits? ¿Y con tres bits?
c) Escribid de modo ordenado todas las combinaciones posibles con dos y tres bits.
d) ¿Qué número decimal corresponde al número binario 11? ¿Y al 101?
e) ¿Qué número binario corresponde al número decimal 9? ¿Y al 12?
https://plus.edebe.com/pymedia/markdownfiles/134335/unidad4/img/31_3.png
f) Al conjunto de 8 bits se le denomina byte. ¿Cuál es el número decimal más alto que se puede expresar con 8 bits?
Ficha 32"
SECUNDARIA,15-16 años,TECNOLOGIA,CUARTO,TECNOLOGÍA 4,"¿1 + 1 = 0? Sí, y me llevo 1",SA,¿Se conseguirá enviar la ayuda humanitaria?,lesson,Contenido,text,"¿Se conseguirá enviar la ayuda humanitaria?
https://plus.edebe.com/pymedia/markdownfiles/134335/unidad4/img/32_1.png"
SECUNDARIA,15-16 años,TECNOLOGIA,CUARTO,TECNOLOGÍA 4,"¿1 + 1 = 0? Sí, y me llevo 1",SA,¿Se conseguirá enviar la ayuda humanitaria?,lesson,Actividades,exam,"Imaginad que dos países (A y B) pretenden enviar ayuda humanitaria a un tercer país (S) y que este la recibirá si cualquiera de ellos quiere enviarla. Esta situación es la equivalente en lógica a una puerta OR. Estudiad las diferentes opciones que se podrían producir.
a) ¿Cuántas combinaciones distintas hay, es decir, las posibles opciones que puede adoptar cada país?
b) ¿En cuántas de estas situaciones se recibirá la ayuda?
c) Representad la situación con puertas lógicas.
https://plus.edebe.com/pymedia/markdownfiles/134335/unidad4/img/32_2.png"
SECUNDARIA,15-16 años,TECNOLOGIA,CUARTO,TECNOLOGÍA 4,"¿1 + 1 = 0? Sí, y me llevo 1",SA,¿Se conseguirá enviar la ayuda humanitaria?,lesson,Actividades,exam,"Imaginad ahora que la ayuda solo llegará si los dos países están de acuerdo en enviarla.
a) ¿Cuántas combinaciones diferentes hay?
b) ¿En cuántas de estas situaciones se recibirá la ayuda?
c) Representad la situación con puertas lógicas.
https://plus.edebe.com/pymedia/markdownfiles/134335/unidad4/img/32_3.png"
SECUNDARIA,15-16 años,TECNOLOGIA,CUARTO,TECNOLOGÍA 4,"¿1 + 1 = 0? Sí, y me llevo 1",SA,¿Se conseguirá enviar la ayuda humanitaria?,lesson,Actividades,exam,"Imaginad ahora que para que la ayuda llegue hay que pasar por el territorio de otro país (C). La ayuda llegará solo si el país C lo permite y si hay mayoría en una votación entre los tres países (A, B y C).
a) ¿Cuántas combinaciones distintas hay?
b) ¿En cuántas de estas situaciones se recibirá la ayuda?
c) Simplificad la función lógica.
d) Representad la situación con puertas lógicas.
Ficha 33     Ficha 34     Ficha 35     Ficha 36"
SECUNDARIA,15-16 años,TECNOLOGIA,CUARTO,TECNOLOGÍA 4,"¿1 + 1 = 0? Sí, y me llevo 1",SA,¿Cómo es un circuito electrónico que suma números binarios?,lesson,Contenido,text,"¿Cómo es un circuito electrónico que suma números binarios?
https://plus.edebe.com/pymedia/markdownfiles/134335/unidad4/img/33_1.png"
SECUNDARIA,15-16 años,TECNOLOGIA,CUARTO,TECNOLOGÍA 4,"¿1 + 1 = 0? Sí, y me llevo 1",SA,¿Cómo es un circuito electrónico que suma números binarios?,lesson,Actividades,exam,"¿Cómo se suma en binario?
a) Cuando sumáis en decimal, ¿en qué situación necesitáis emplear las llevadas?
b) En el sistema binario se habla de acarreo, no de llevadas. ¿Qué valor tienen los bits de una suma que implique un acarreo?
c) Es posible que el resultado de la suma requiera añadir un bit más a la izquierda. ¿Cuándo es necesario añadir un bit al resultado?
https://plus.edebe.com/pymedia/markdownfiles/134335/unidad4/img/33_2.png"
SECUNDARIA,15-16 años,TECNOLOGIA,CUARTO,TECNOLOGÍA 4,"¿1 + 1 = 0? Sí, y me llevo 1",SA,¿Cómo es un circuito electrónico que suma números binarios?,lesson,Actividades,exam,"¿Cómo es el circuito sumador de un bit?
a) Escribid la tabla de verdad que representa la suma de dos números binarios de un bit A y B incluyendo una columna para el resultado de la suma y otra para el acarreo (Ac).
https://plus.edebe.com/pymedia/markdownfiles/134335/unidad4/img/33_3.png
b) Obtened la función algebraica de cada una de las dos funciones: S y Ac.
c) Dibujad el circuito lógico con puertas AND, OR y NOT.
d) Dibujad el circuito usando las puertas AND y XOR.
https://plus.edebe.com/pymedia/markdownfiles/134335/unidad4/img/33_4.png"
SECUNDARIA,15-16 años,TECNOLOGIA,CUARTO,TECNOLOGÍA 4,"¿1 + 1 = 0? Sí, y me llevo 1",SA,¿Y si probamos nuestro circuito?,lesson,Contenido,text,"¿Y si probamos nuestro circuito?
https://plus.edebe.com/pymedia/markdownfiles/134335/unidad4/img/34_1.png"
SECUNDARIA,15-16 años,TECNOLOGIA,CUARTO,TECNOLOGÍA 4,"¿1 + 1 = 0? Sí, y me llevo 1",SA,¿Y si probamos nuestro circuito?,lesson,Actividades,exam,"Vais a simular el circuito semisumador en TinkerCAD. Para ello necesitaréis información sobre los integrados que disponen de puertas AND y XOR.
a) Buscad un esquema que represente el patillaje del integrado 74HC08 (cuádruple puerta AND).
b) Buscad también el patillaje del integrado 74HC86 (cuádruple puerta XOR).
c) Usad TinkerCAD para simular el circuito. Podéis apoyaros en el circuito de la imagen.
https://plus.edebe.com/pymedia/markdownfiles/134335/unidad4/img/34_2.png"
SECUNDARIA,15-16 años,TECNOLOGIA,CUARTO,TECNOLOGÍA 4,"¿1 + 1 = 0? Sí, y me llevo 1",SA,¿Es posible sumar números binarios con canicas?,lesson,Contenido,text,"¿Es posible sumar números binarios con canicas?
https://plus.edebe.com/pymedia/markdownfiles/134335/unidad4/img/34_3.png"
SECUNDARIA,15-16 años,TECNOLOGIA,CUARTO,TECNOLOGÍA 4,"¿1 + 1 = 0? Sí, y me llevo 1",SA,¿Es posible sumar números binarios con canicas?,lesson,Actividades,exam,"Buscad en Internet un simulador de calculadora mecánica.
https://plus.edebe.com/pymedia/markdownfiles/134335/unidad4/img/34_4.png
Ficha 37"
SECUNDARIA,15-16 años,TECNOLOGIA,CUARTO,TECNOLOGÍA 4,"¿1 + 1 = 0? Sí, y me llevo 1",SA,¿Es posible sumar números binarios con canicas?,lesson,Actividades,exam,"Observad las siguientes imágenes. Las dos primeras representan la entrada del número 12 en la calculadora mecánica. Como ya hemos visto, el número 12 en binario es 1100, por lo que introducimos dos canicas en las posiciones tercera y cuarta contando desde la derecha.
a) ¿En qué posiciones quedarán las canicas si introducimos una canica en la posición 8, tal y como puede verse en la tercera imagen?
b) ¿Qué operación se ha realizado y cuál es su resultado?
https://plus.edebe.com/pymedia/markdownfiles/134335/unidad4/img/35_1.png"
SECUNDARIA,15-16 años,TECNOLOGIA,CUARTO,TECNOLOGÍA 4,"¿1 + 1 = 0? Sí, y me llevo 1",SA,¿Es posible sumar números binarios con canicas?,lesson,Actividades,exam,"¿Cómo está actuando el elemento de la siguiente imagen para que la calculadora funcione? ¿A qué circuito lógico corresponde el efecto que realiza sobre las canicas?
https://plus.edebe.com/pymedia/markdownfiles/134335/unidad4/img/35_2.png"
SECUNDARIA,15-16 años,TECNOLOGIA,CUARTO,TECNOLOGÍA 4,"¿1 + 1 = 0? Sí, y me llevo 1",SA,¿Es posible sumar números binarios con canicas?,lesson,Actividades,exam,"Podéis completar la información sobre el funcionamiento de la calculadora mecánica de números binarios practicando con el simulador y visitando el canal de YouTube de Matthias Wandel, diseñador de la marble adding machine.
a) ¿Hasta qué número se puede sumar con esta máquina?
b) ¿Qué ocurre si se hace una suma cuyo resultado es mayor que dicho número máximo?"
SECUNDARIA,15-16 años,TECNOLOGIA,CUARTO,TECNOLOGÍA 4,"¿1 + 1 = 0? Sí, y me llevo 1",SA,¿Diseñamos y construimos nuestra propia calculadora?,lesson,Contenido,text,"¿Diseñamos y construimos nuestra propia calculadora?
https://plus.edebe.com/pymedia/markdownfiles/134335/unidad4/img/36_1.png"
SECUNDARIA,15-16 años,TECNOLOGIA,CUARTO,TECNOLOGÍA 4,"¿1 + 1 = 0? Sí, y me llevo 1",SA,¿Diseñamos y construimos nuestra propia calculadora?,lesson,Actividades,exam,"El creador de la máquina, Matthias Wandel, no solo ha compartido los vídeos de su funcionamiento, sino que también ha dejado los planos acotados y el despiece de cada uno de los elementos de la máquina. En la siguiente imagen podéis ver el plano general.
a) ¿Qué partes de la máquina os parecen más complicadas de realizar?
b) ¿Se os ocurre un diseño diferente para algunas partes de la máquina?
https://plus.edebe.com/pymedia/markdownfiles/134335/unidad4/img/36_2.png"
SECUNDARIA,15-16 años,TECNOLOGIA,CUARTO,TECNOLOGÍA 4,"¿1 + 1 = 0? Sí, y me llevo 1",SA,¿Diseñamos y construimos nuestra propia calculadora?,lesson,Actividades,exam,"Este diseño no es el único. En Internet podéis encontrar otros más sencillos, como el realizado por Hub Meertens.
a) ¿Qué ventajas e inconvenientes creéis que tiene el modelo de Hub Meertens respecto al de Matthias Wandel?
b) Tomando como ejemplo el plano de la imagen, realizad el plano acotado del modelo de Hub Meertens."
SECUNDARIA,15-16 años,TECNOLOGIA,CUARTO,TECNOLOGÍA 4,"¿1 + 1 = 0? Sí, y me llevo 1",SA,¿Diseñamos y construimos nuestra propia calculadora?,lesson,Actividades,exam,"Elegid uno de los dos diseños y construid vuestra propia calculadora de números binarios siguiendo los planos correspondientes.
— Organizaos y repartid las tareas para ser más eficientes."
SECUNDARIA,15-16 años,TECNOLOGIA,CUARTO,TECNOLOGÍA 4,"¿1 + 1 = 0? Sí, y me llevo 1",SA,Puertas lógicas y decisiones,lesson,Contenido,text,https://plus.edebe.com/pymedia/markdownfiles/134335/unidad4/img/37_1.png
SECUNDARIA,15-16 años,TECNOLOGIA,CUARTO,TECNOLOGÍA 4,"¿1 + 1 = 0? Sí, y me llevo 1",SA,Puertas lógicas y decisiones,lesson,Actividades,exam,"¿Podéis usar lo aprendido para tomar mejores decisiones en la vida real? Las posibles combinaciones para tomar decisiones que habéis visto se producen en muchas situaciones de la vida real en las que hay que conseguir ponerse de acuerdo para alcanzar los objetivos con o sin igualdad en la capacidad de decisión.
— ¿Podríais encontrar otras situaciones en las que se produzcan combinaciones que requieran acuerdos u otras en las que haya desigualdad a la hora de poder tomar decisiones?"
SECUNDARIA,15-16 años,TECNOLOGIA,CUARTO,TECNOLOGÍA 4,"¿1 + 1 = 0? Sí, y me llevo 1",SA,Puertas lógicas y decisiones,lesson,Actividades,exam,"Las combinaciones a la hora de tomar decisiones son clave para el resultado de las votaciones. Organismos internacionales muy importantes tienen sus propios sistemas que afectan de manera significativa al resultado de las votaciones.
— Investiga cómo se toman las decisiones en la ONU. ¿Sabrías explicar cómo afecta el sistema de votación a las decisiones que se toman en este organismo?
https://plus.edebe.com/pymedia/markdownfiles/134335/unidad4/img/37_2.png"
SECUNDARIA,15-16 años,TECNOLOGIA,CUARTO,TECNOLOGÍA 4,"¿1 + 1 = 0? Sí, y me llevo 1",SA,Puertas lógicas y decisiones,lesson,Actividades,exam,"En el sistema binario 1 + 1 = 0. En el sistema decimal 1 + 1 = 2 pero ¿en el mundo real puede suceder que 1 + 1 sea más de dos?
— ¿Se te ocurre alguna situación en la que suceda esto? Busca las definiciones de los términos sinergia y simbiosis."
SECUNDARIA,15-16 años,TECNOLOGIA,CUARTO,TECNOLOGÍA 4,"¿1 + 1 = 0? Sí, y me llevo 1",SA,REVISA-T,learning_diary,,,"—¿Qué parte te ha costado más? ¿Cuál te ha resultado más divertida? ¿Por qué?
—¿Has cometido algún error? ¿Cómo lo has podido solucionar?
—¿Hay alguna parte del proceso que te hubiera gustado hacer de diferente manera?"
,,,,,,,,,,,
SECUNDARIA,15-16 años,TECNOLOGIA,CUARTO,TECNOLOGÍA 4,¿Pueden ayudar los robots en situaciones de emergencia?,SA,¿Pueden ayudar los robots en situaciones de emergencia?,lesson,Inicio,text,"6 ¿Pueden ayudar los robots en situaciones de emergencia?
https://plus.edebe.com/resources/video/vm_138373_tecno_4eso_s06_046.mp4
https://plus.edebe.com/pymedia/markdownfiles/134335/unidad6/img/46_1.png
Los servicios de emergencias (bomberos, cuerpos de seguridad, sanitarios, etc.) se enfrentan muchas veces a situaciones difíciles para poder salvar a personas y proteger instalaciones, edificios, etc. Por ejemplo, en caso de accidentes químicos, tienen que entrar en espacios contaminados poniendo en riesgo sus vidas.
¿Se podría diseñar un robot capaz de entrar en estos espacios peligrosos y detectar contaminantes? ¿Y si además el robot pudiera coger objetos peligrosos o explosivos para llevarlos a sitios más seguros?
- ¿Te atreves a diseñar, construir y programar un robot de emergencias teledirigido?"
SECUNDARIA,15-16 años,TECNOLOGIA,CUARTO,TECNOLOGÍA 4,¿Pueden ayudar los robots en situaciones de emergencia?,SA,¿Construimos el chasis del robot?,lesson,Contenido,text,"¿Construimos el chasis del robot?
https://plus.edebe.com/pymedia/markdownfiles/134335/unidad6/img/47_1.png"
SECUNDARIA,15-16 años,TECNOLOGIA,CUARTO,TECNOLOGÍA 4,¿Pueden ayudar los robots en situaciones de emergencia?,SA,¿Construimos el chasis del robot?,lesson,Actividades,exam,"Empezad con el diseño de la estructura del robot de emergencias. Primero dibujad algunos bocetos del robot que vais a construir teniendo en cuenta los siguientes requisitos:
https://plus.edebe.com/pymedia/markdownfiles/134335/unidad6/img/47_2.png
- El robot podrá moverse en cualquier dirección.
- Escoged un sistema de tracción: tipo oruga, con tres, cuatro o seis ruedas.
- El chasis del robot deberá alojar el sistema de tracción, los motores, la alimentación eléctrica, la placa controladora y los sensores.
- El robot contará con un sistema de sujeción de objetos para poder cogerlos y retirarlos: una pinza, un brazo robótico, una plataforma elevadora, etc.
— Tras quedaros con el boceto definitivo, elaborad una lista de todos los materiales y componentes que necesitaréis para la construcción de la estructura, el sistema de tracción y el sistema de sujeción de objetos.
https://plus.edebe.com/pymedia/markdownfiles/134335/unidad6/img/47_3.png"
SECUNDARIA,15-16 años,TECNOLOGIA,CUARTO,TECNOLOGÍA 4,¿Pueden ayudar los robots en situaciones de emergencia?,SA,¿Construimos el chasis del robot?,lesson,Actividades,exam,"Una vez escogido el boceto que más os gusta y los componentes que usaréis, es el momento de hacer el diseño definitivo de vuestro robot.
— Emplead un programa de diseño 3D como SketchUp. Tomad medidas precisas de todas las partes del chasis y de los componentes y distribuid las piezas adecuadamente en la estructura. Para no equivocaros, es muy útil preparar una tabla con todas las medidas.
https://plus.edebe.com/pymedia/markdownfiles/134335/unidad6/img/47_4.png"
SECUNDARIA,15-16 años,TECNOLOGIA,CUARTO,TECNOLOGÍA 4,¿Pueden ayudar los robots en situaciones de emergencia?,SA,¿Construimos el chasis del robot?,lesson,Actividades,exam,"Ahora que ya tenéis el diseño definitivo, podéis empezar a fabricar las distintas partes de la estructura del robot y a ensamblarlas.
— Es conveniente que antes de empezar a fabricar hagáis un listado de los pasos que debéis seguir para montarlo y que os repartáis las responsabilidades dentro del grupo.
Ficha 53"
SECUNDARIA,15-16 años,TECNOLOGIA,CUARTO,TECNOLOGÍA 4,¿Pueden ayudar los robots en situaciones de emergencia?,SA,¿Cómo se moverá el robot?,lesson,Contenido,text,"¿Cómo se moverá el robot?
https://plus.edebe.com/pymedia/markdownfiles/134335/unidad6/img/48_1.png"
SECUNDARIA,15-16 años,TECNOLOGIA,CUARTO,TECNOLOGÍA 4,¿Pueden ayudar los robots en situaciones de emergencia?,SA,¿Cómo se moverá el robot?,lesson,Actividades,exam,"Una vez que habéis montado los motores y las ruedas en el chasis del robot, precisáis proporcionarles energía eléctrica y enviarles las órdenes para avanzar. Para ello necesitaréis:
https://plus.edebe.com/pymedia/markdownfiles/134335/unidad6/img/48_2.png
- Una placa Arduino, que será el «cerebro» del robot. Como vais a montar muchos actuadores y sensores, una buena opción es la Arduino Mega.
- Una placa controladora de motores en función del número de ruedas que queráis controlar, dos (L298N) o cuatro. Estas placas permiten cambiar la dirección y velocidad fácilmente.
- Un sistema de alimentación eléctrica, que debe proporcionar la tensión eléctrica que requieren los motores.
— Buscad información en Internet para elegir los componentes más adecuados y para aprender cómo se conectan. A continuación, haced las conexiones."
SECUNDARIA,15-16 años,TECNOLOGIA,CUARTO,TECNOLOGÍA 4,¿Pueden ayudar los robots en situaciones de emergencia?,SA,¿Cómo se moverá el robot?,lesson,Actividades,exam,"Ya tenéis el montaje eléctrico de los motores. Ahora vais a programar la placa Arduino empleando el IDE de Arduino. Si aún no lo tenéis instalado, podéis descargar la última versión de la web oficial de Arduino.
https://plus.edebe.com/pymedia/markdownfiles/134335/unidad6/img/48_3.png
a) El robot avanza: todas las ruedas giran en el mismo sentido.
b) El robot retrocede: todas las ruedas giran en el mismo sentido, pero al contrario que en el programa anterior.
c) El robot gira hacia la derecha: el motor derecho retrocede y el motor izquierdo avanza.
d) El robot gira hacia la izquierda: el motor derecho avanza y el motor izquierdo retrocede.
e) Control de velocidad: dota al robot con dos velocidades diferentes, de forma que podáis escoger entre un modo de movimiento rápido y otro de precisión.
https://plus.edebe.com/pymedia/markdownfiles/134335/unidad6/img/48_4.png
Ficha 49     Ficha 54     Ficha 55     Ficha 80"
SECUNDARIA,15-16 años,TECNOLOGIA,CUARTO,TECNOLOGÍA 4,¿Pueden ayudar los robots en situaciones de emergencia?,SA,¿Podemos evitar obstáculos?,lesson,Contenido,text,"¿Podemos evitar obstáculos?
https://plus.edebe.com/pymedia/markdownfiles/134335/unidad6/img/49_1.png
Ficha 48     Ficha 50"
SECUNDARIA,15-16 años,TECNOLOGIA,CUARTO,TECNOLOGÍA 4,¿Pueden ayudar los robots en situaciones de emergencia?,SA,¿Podemos evitar obstáculos?,lesson,Actividades,exam,"Uno de los sensores más empleados en robótica para detectar objetos es el sensor ultrasónico HC-SR04. Buscad información en Internet sobre su montaje y programación en Arduino.
a) Conectad los pines del sensor a los pines de la placa Arduino.
b) Cread un programa que calcule la distancia a un objeto y la muestre por el puerto serie. Comprobad el funcionamiento del sketch aproximando objetos al sensor.
https://plus.edebe.com/pymedia/markdownfiles/134335/unidad6/img/49_2.png"
SECUNDARIA,15-16 años,TECNOLOGIA,CUARTO,TECNOLOGÍA 4,¿Pueden ayudar los robots en situaciones de emergencia?,SA,¿Podemos evitar obstáculos?,lesson,Actividades,exam,"Ahora hay que integrar el sensor de ultrasonidos en el robot. Situadlo en la parte delantera del robot de forma que pueda detectar objetos cuando avance.
— Cread un programa para que el robot se mueva en una dirección pero, si detecta un objeto, pare los motores, gire un poco y continúe avanzando en otra dirección.
https://plus.edebe.com/pymedia/markdownfiles/134335/unidad6/img/49_3.png"
SECUNDARIA,15-16 años,TECNOLOGIA,CUARTO,TECNOLOGÍA 4,¿Pueden ayudar los robots en situaciones de emergencia?,SA,¿Podemos evitar obstáculos?,lesson,Actividades,exam,"El robot evita obstáculos que habéis programado no es muy eficiente, ya que solo detecta objetos en la parte frontal. ¿Y si hacéis que el sensor ultrasónico pueda girar para anticiparse y detectar los obstáculos de los laterales?
https://plus.edebe.com/pymedia/markdownfiles/134335/unidad6/img/49_4.png
Una solución es montar el sensor de ultrasonidos en una pequeña estructura que pueda girar gracias a la acción de un servomotor.
a) Situad el servomotor en su sitio y realizad las conexiones eléctricas con la placa Arduino.
b) Cread un programa que modifique el ángulo de giro del servomotor.
c) Programad el robot para que avance en una dirección y se detenga al detectar un objeto. A continuación, efectuará giros del servomotor para saber en qué dirección no hay obstáculos y avanzará en esa dirección."
SECUNDARIA,15-16 años,TECNOLOGIA,CUARTO,TECNOLOGÍA 4,¿Pueden ayudar los robots en situaciones de emergencia?,SA,¿Qué peligros es capaz de detectar el robot?,lesson,Contenido,text,"¿Qué peligros es capaz de detectar el robot?
https://plus.edebe.com/pymedia/markdownfiles/134335/unidad6/img/50_1.png
Ficha 47     Ficha 52     Ficha 82"
SECUNDARIA,15-16 años,TECNOLOGIA,CUARTO,TECNOLOGÍA 4,¿Pueden ayudar los robots en situaciones de emergencia?,SA,¿Qué peligros es capaz de detectar el robot?,lesson,Actividades,exam,"Las temperaturas extremas son peligrosas para la vida. Vais a medir la temperatura con un sensor, como el TMP36.
— Montad el circuito y cread un programa que mida la temperatura y la muestre por el puerto serie.
https://plus.edebe.com/pymedia/markdownfiles/134335/unidad6/img/50_2.png"
SECUNDARIA,15-16 años,TECNOLOGIA,CUARTO,TECNOLOGÍA 4,¿Pueden ayudar los robots en situaciones de emergencia?,SA,¿Qué peligros es capaz de detectar el robot?,lesson,Actividades,exam,"La presencia de fuego en una instalación es una fuente de peligros. Podéis detectar fuego con un sensor de llamas infrarrojo para Arduino.
— Montad el prototipo y comprobad que funciona.
https://plus.edebe.com/pymedia/markdownfiles/134335/unidad6/img/50_3.png"
SECUNDARIA,15-16 años,TECNOLOGIA,CUARTO,TECNOLOGÍA 4,¿Pueden ayudar los robots en situaciones de emergencia?,SA,¿Qué peligros es capaz de detectar el robot?,lesson,Actividades,exam,"Antes de que los equipos de emergencias entren en un espacio cerrado, el robot debe verificar que no hay gases contaminantes. La familia de sensores de gases MQ detecta diferentes tipos de gases. Por ejemplo, el MQ-2 es sensible a la presencia de metano, butano, propano, alcohol, GLP y humo.
— Montad el prototipo del circuito y generad un programa que detecte la presencia de estos gases contaminantes. Si existen gases peligrosos, mostrad un mensaje de aviso por el puerto serie.
https://plus.edebe.com/pymedia/markdownfiles/134335/unidad6/img/50_4.png"
SECUNDARIA,15-16 años,TECNOLOGIA,CUARTO,TECNOLOGÍA 4,¿Pueden ayudar los robots en situaciones de emergencia?,SA,¿Qué peligros es capaz de detectar el robot?,lesson,Actividades,exam,"¿Cómo avisará el robot de todos estos peligros?
— Una vez integrados los tres sensores en la protoboard, tendréis que crear un único programa que controle los tres sensores y active ledes o un timbre cuando exista alguno de estos peligros."
SECUNDARIA,15-16 años,TECNOLOGIA,CUARTO,TECNOLOGÍA 4,¿Pueden ayudar los robots en situaciones de emergencia?,SA,¿Cómo podemos coger objetos?,lesson,Contenido,text,"¿Cómo podemos coger objetos?
https://plus.edebe.com/pymedia/markdownfiles/134335/unidad6/img/51_1.png"
SECUNDARIA,15-16 años,TECNOLOGIA,CUARTO,TECNOLOGÍA 4,¿Pueden ayudar los robots en situaciones de emergencia?,SA,¿Cómo podemos coger objetos?,lesson,Actividades,exam,"Elegid el tipo de pinza o sistema para recoger objetos considerando los siguientes aspectos:
- Los grados de libertad del robot: con tres o cuatro será suficiente.
- El tipo de servomotores: podéis optar por servos con un par motor bajo, como el SG90 o el MG90, o servos más potentes, como el MG996R.
- Los servomotores tienen un ángulo de giro de 180° o de 360°.
— Realizad el montaje mecánico de la pinza robótica y colocad los servomotores en su posición empleando los tornillos necesarios."
SECUNDARIA,15-16 años,TECNOLOGIA,CUARTO,TECNOLOGÍA 4,¿Pueden ayudar los robots en situaciones de emergencia?,SA,¿Cómo podemos coger objetos?,lesson,Actividades,exam,"Antes de montar el brazo articulado en el robot, vais a probarlo por separado utilizando potenciómetros para controlar el ángulo de giro de los servos.
- Necesitaréis tantos potenciómetros como servomotores.
- Los potenciómetros se conectan a positivo y negativo y a una entrada analógica de la placa Arduino.
- Los servomotores deberán ir conectados directamente a la alimentación eléctrica externa y el conector de la señal se conectará a un pin PWM de la placa Arduino.
— Una vez que tengáis el montaje y el cableado del prototipo, haced un programa para controlar el giro de los servomotores a medida que giran los potenciómetros. Necesitaréis utilizar la función map().
https://plus.edebe.com/pymedia/markdownfiles/134335/unidad6/img/51_2.png"
SECUNDARIA,15-16 años,TECNOLOGIA,CUARTO,TECNOLOGÍA 4,¿Pueden ayudar los robots en situaciones de emergencia?,SA,¿Cómo podemos coger objetos?,lesson,Actividades,exam,"Tras las pruebas, ya podéis instalar el brazo robótico en la posición definitiva del robot de emergencias.
https://plus.edebe.com/pymedia/markdownfiles/134335/unidad6/img/51_3.png"
SECUNDARIA,15-16 años,TECNOLOGIA,CUARTO,TECNOLOGÍA 4,¿Pueden ayudar los robots en situaciones de emergencia?,SA,¿Podemos controlar el robot desde nuestro móvil?,lesson,Contenido,text,"¿Podemos controlar el robot desde nuestro móvil?
https://plus.edebe.com/pymedia/markdownfiles/134335/unidad6/img/52_1.png"
SECUNDARIA,15-16 años,TECNOLOGIA,CUARTO,TECNOLOGÍA 4,¿Pueden ayudar los robots en situaciones de emergencia?,SA,¿Podemos controlar el robot desde nuestro móvil?,lesson,Actividades,exam,"La conexión inalámbrica con una placa Arduino se puede realizar con diferentes tecnologías. En este caso, vais a emplear bluetooth, que os permitirá controlar el robot desde el móvil con una aplicación. Para ello usaréis el módulo Bluetooth HC-06 para Arduino o uno similar.
— Conectad los dos pines que proporcionan alimentación eléctrica al módulo (VCC y GND) y los dos pines que permiten la comunicación en serie (TX y RX). Fijaos en que el pin TX (transmisor) de la placa Arduino se conecta con el pin RX (receptor) del módulo bluetooth y el RX de la placa con el TX del módulo.
https://plus.edebe.com/pymedia/markdownfiles/134335/unidad6/img/52_2.png"
SECUNDARIA,15-16 años,TECNOLOGIA,CUARTO,TECNOLOGÍA 4,¿Pueden ayudar los robots en situaciones de emergencia?,SA,¿Podemos controlar el robot desde nuestro móvil?,lesson,Actividades,exam,"Escoged una aplicación que permita conectar la placa Arduino con el móvil por bluetooth: Arduino Bluetooth Controller, Blynk, Bluetooth Serial Controller, Bluetooth Joystick, etc.
- Instalad una de estas aplicaciones en vuestro móvil y abridla.
- Vinculad el móvil al módulo BluetoothHC-06. La contraseña es 1234.
- Configurad cada botón del joystick con un comando (una letra) que se enviará a la placa Arduino a través del puerto serie.
- Unificad todos los programas efectuados en las actividades anteriores.
- Cread un programa de Arduino que lea la información que le llega por el puerto serie. En función del comando que le llega por bluetooth del móvil, se realizará una acción.
- Descargad el programa en la placa y haced pruebas con el móvil.
https://plus.edebe.com/pymedia/markdownfiles/134335/unidad6/img/52_3.png"
SECUNDARIA,15-16 años,TECNOLOGIA,CUARTO,TECNOLOGÍA 4,¿Pueden ayudar los robots en situaciones de emergencia?,SA,¿Ponemos a prueba el robot de emergencias?,lesson,Contenido,text,https://plus.edebe.com/pymedia/markdownfiles/134335/unidad6/img/53_1.png
SECUNDARIA,15-16 años,TECNOLOGIA,CUARTO,TECNOLOGÍA 4,¿Pueden ayudar los robots en situaciones de emergencia?,SA,¿Ponemos a prueba el robot de emergencias?,lesson,Actividades,exam,"Es el momento de poner a prueba el robot. Cread un circuito con diferentes pruebas que simulen situaciones de emergencia. Los robots, controlados con la aplicación o de forma autónoma, deben superar las diferentes pruebas.
— Podéis trazar un recorrido con obstáculos que haya que esquivar, rampas, objetos que haya que transportar, poner una vela para detectar la llama o utilizar un mechero para detectar gas. ¡Incluso podéis organizar un torneo!
https://plus.edebe.com/pymedia/markdownfiles/134335/unidad6/img/53_2.png"
SECUNDARIA,15-16 años,TECNOLOGIA,CUARTO,TECNOLOGÍA 4,¿Pueden ayudar los robots en situaciones de emergencia?,SA,¿Ponemos a prueba el robot de emergencias?,lesson,Actividades,exam,"Vais a grabar un vídeo para explicar este proyecto.
a) Podéis dibujar el esquema de conexiones con Fritzing para explicar el montaje de los diferentes componentes.
b) Un diagrama de flujo os ayudará a explicar la programación con Arduino.
c) No os olvidéis explicar el funcionamiento de la aplicación de control a modo de videotutorial."
SECUNDARIA,15-16 años,TECNOLOGIA,CUARTO,TECNOLOGÍA 4,¿Pueden ayudar los robots en situaciones de emergencia?,SA,¿Ponemos a prueba el robot de emergencias?,lesson,Actividades,exam,"¿Cómo pueden ayudar los robots de emergencia a los servicios actuales? ¿Qué añadiríais a un robot para hacerlo más efectivo?
— Podéis organizar una lluvia de ideas para pensar en situaciones reales donde podríamos utilizar estos robots. También podéis debatir sobre los límites y las precauciones que se deberían tener con este tipo de tecnologías.
https://plus.edebe.com/pymedia/markdownfiles/134335/unidad6/img/53_3.png"
SECUNDARIA,15-16 años,TECNOLOGIA,CUARTO,TECNOLOGÍA 4,¿Pueden ayudar los robots en situaciones de emergencia?,SA,REVISA-T,learning_diary,,,"—¿Qué te ha parecido más difícil del proyecto? ¿Cómo lo habéis solucionado?
—¿Os ha quedado pendiente alguna parte?
—¿Cómo has empleado la fase de descomposición del problema en partes del pensamiento computacional para resolver este proyecto? ¿Cómo puedes aplicarlo en otros aspectos de tu vida?
—¿Cómo ha ido el trabajo en equipo?"